日期,契約,到期月份(週別),開盤價,最高價,最低價,最後成交價,漲跌價,漲跌%,盤後交易時段成交量,一般交易時段成交量,合計成交量,結算價,未沖銷契約量,最後最佳買價,最後最佳賣價,歷史最高價,歷史最低價
2026-07-20,TX,202608,43500.0,43500.0,42457.0,42641.0,37.0,0.09,68086,85444,153530,42662.0,107003,42639.0,42645.0,49470.0,41300.0
2026-07-20,TX,202609,43655.0,43726.0,42760.0,42898.0,25.0,0.06,388,539,927,42868.0,2844,42864.0,42873.0,49651.0,24962.0
2026-07-20,TX,202610,44011.0,44011.0,43380.0,43450.0,125.0,0.29,19,7,26,43217.0,41,43211.0,43223.0,46770.0,42891.0
2026-07-20,TX,202612,43901.0,44214.0,43638.0,44214.0,364.0,0.83,13,8,21,43749.0,310,43742.0,43757.0,50228.0,27382.0
2026-07-20,TX,202703,,,,,,,3,0,3,44566.0,116,44557.0,44575.0,50802.0,32400.0
2026-07-20,TX,202706,45480.0,45480.0,45480.0,45480.0,-40.0,-0.09,24,1,25,45372.0,20,45358.0,45387.0,51411.0,45100.0
2026-07-21,TX,202608,43297.0,44404.0,43197.0,44377.0,1715.0,4.02,42192,61234,103426,44375.0,106920,44370.0,44376.0,49470.0,41300.0
2026-07-21,TX,202609,43600.0,44600.0,43447.0,44597.0,1729.0,4.03,301,486,787,44586.0,3138,44583.0,44593.0,49651.0,24962.0
2026-07-21,TX,202610,43834.0,44750.0,43834.0,44747.0,1530.0,3.54,30,12,42,44933.0,53,44928.0,44939.0,46770.0,42891.0
2026-07-21,TX,202612,44827.0,45354.0,44827.0,45300.0,1551.0,3.55,8,7,15,45465.0,309,45459.0,45472.0,50228.0,27382.0
2026-07-21,TX,202703,,,,,,,1,0,1,46279.0,116,46271.0,46289.0,50802.0,32400.0
2026-07-21,TX,202706,46902.0,46902.0,46902.0,46902.0,1530.0,3.37,0,3,3,47081.0,21,47070.0,47093.0,51411.0,45100.0
2026-07-22,TX,202608,45000.0,45364.0,44613.0,44631.0,256.0,0.58,31985,66011,97996,44645.0,103996,44621.0,44627.0,49470.0,41300.0
2026-07-22,TX,202609,45274.0,45566.0,44835.0,44916.0,330.0,0.74,156,359,515,44837.0,3188,44832.0,44843.0,49651.0,24962.0
2026-07-22,TX,202610,45693.0,45859.0,45300.0,45300.0,367.0,0.82,11,18,29,45159.0,60,45153.0,45165.0,46770.0,42891.0
2026-07-22,TX,202612,46288.0,46288.0,45808.0,45813.0,348.0,0.77,7,14,21,45661.0,312,45658.0,45665.0,50228.0,27382.0
2026-07-22,TX,202703,47099.0,47099.0,46837.0,46837.0,558.0,1.21,1,6,7,46471.0,121,46465.0,46478.0,50802.0,32400.0
2026-07-22,TX,202706,47800.0,47800.0,47800.0,47800.0,719.0,1.53,8,4,12,47290.0,23,47276.0,47305.0,51411.0,45100.0
2026-07-23,TX,202608,45310.0,45339.0,44445.0,44930.0,285.0,0.64,36773,54342,91115,44912.0,103097,44930.0,44935.0,49470.0,41300.0
2026-07-23,TX,202609,45471.0,45501.0,44676.0,45101.0,264.0,0.59,172,244,416,45099.0,3230,45132.0,45142.0,49651.0,24962.0
2026-07-23,TX,202610,45828.0,45828.0,44988.0,45368.0,209.0,0.46,13,19,32,45444.0,70,45439.0,45450.0,46770.0,42891.0
2026-07-23,TX,202612,45966.0,45966.0,45480.0,45600.0,-61.0,-0.13,11,6,17,45950.0,309,45944.0,45957.0,50228.0,27382.0
2026-07-23,TX,202703,,,,,,,2,0,2,46755.0,121,46747.0,46763.0,50802.0,32400.0
2026-07-23,TX,202706,47300.0,47300.0,47223.0,47223.0,-67.0,-0.14,3,2,5,47574.0,26,47560.0,47589.0,51411.0,45100.0
2026-07-24,TX,202608,44166.0,44499.0,43640.0,43905.0,-1007.0,-2.24,53440,69395,122835,43814.0,102415,43905.0,43919.0,49470.0,41300.0
2026-07-24,TX,202609,44349.0,44688.0,43820.0,44074.0,-1025.0,-2.27,342,661,1003,43949.0,3591,44077.0,44095.0,49651.0,24962.0
2026-07-24,TX,202610,44750.0,44750.0,44200.0,44200.0,-1244.0,-2.74,12,17,29,44285.0,69,44164.0,44406.0,46770.0,42891.0
2026-07-24,TX,202612,45950.0,,,45950.0,0.0,0.0,3,38,41,44852.0,340,44420.0,44874.0,50228.0,27382.0
2026-07-24,TX,202703,45592.0,45592.0,45592.0,45592.0,-1163.0,-2.49,0,1,1,45592.0,121,45289.0,45684.0,50802.0,32400.0
2026-07-24,TX,202706,46352.0,46352.0,46352.0,46352.0,-1222.0,-2.57,2,4,6,46352.0,29,46214.0,46499.0,51411.0,45100.0
2026-07-27,TX,202608,43888.0,44083.0,43176.0,43907.0,93.0,0.21,51323,66041,117364,43880.0,103970,43901.0,43907.0,49470.0,41300.0
2026-07-27,TX,202609,44060.0,44234.0,43377.0,44040.0,91.0,0.21,343,538,881,44037.0,3686,44072.0,44082.0,49651.0,24962.0
2026-07-27,TX,202610,44453.0,44455.0,43847.0,44299.0,14.0,0.03,16,32,48,44321.0,65,44315.0,44327.0,46770.0,42891.0
2026-07-27,TX,202612,44490.0,44738.0,44285.0,44738.0,-114.0,-0.25,6,15,21,44787.0,346,44780.0,44794.0,50228.0,27382.0
2026-07-27,TX,202703,45592.0,,,45592.0,0.0,0.0,2,1,3,45554.0,120,45549.0,45560.0,50802.0,32400.0
2026-07-27,TX,202706,,,,,,,4,0,4,46379.0,27,46364.0,46394.0,51411.0,45100.0
2026-07-28,TX,202608,42569.0,42627.0,41516.0,41613.0,-2267.0,-5.17,53743,81786,135529,41573.0,104993,41609.0,41614.0,49470.0,41300.0
2026-07-28,TX,202609,42942.0,42942.0,41687.0,41748.0,-2289.0,-5.2,322,1027,1349,41743.0,4536,41769.0,41781.0,49651.0,24962.0
2026-07-28,TX,202610,42888.0,42888.0,41954.0,41954.0,-2367.0,-5.34,26,38,64,41977.0,91,42010.0,42022.0,46770.0,41954.0
2026-07-28,TX,202612,43161.0,43178.0,42629.0,42629.0,-2158.0,-4.82,6,43,49,42414.0,373,42406.0,42423.0,50228.0,27382.0
2026-07-28,TX,202703,43926.0,43935.0,43567.0,43750.0,-1804.0,-3.96,1,7,8,43195.0,118,43180.0,43210.0,50802.0,32400.0
2026-07-28,TX,202706,44600.0,44828.0,44085.0,44300.0,-2079.0,-4.48,6,27,33,43956.0,42,43949.0,43963.0,51411.0,44085.0
2026-07-29,TX,202608,41915.0,42070.0,39442.0,40392.0,-1181.0,-2.84,54682,124405,179087,40328.0,108507,40364.0,40385.0,49470.0,39442.0
2026-07-29,TX,202609,41963.0,42133.0,39643.0,40524.0,-1219.0,-2.92,313,1698,2011,40506.0,4829,40521.0,40548.0,49651.0,24962.0
2026-07-29,TX,202610,42360.0,42360.0,39900.0,40669.0,-1308.0,-3.12,38,80,118,40670.0,117,40694.0,40727.0,46770.0,39900.0
2026-07-29,TX,202612,42060.0,42140.0,40374.0,41086.0,-1328.0,-3.13,2,28,30,41038.0,379,40991.0,41085.0,50228.0,27382.0
2026-07-29,TX,202703,42583.0,42583.0,40980.0,41251.0,-1944.0,-4.5,0,23,23,41683.0,116,41615.0,41752.0,50802.0,32400.0
2026-07-29,TX,202706,43756.0,43756.0,41461.0,41546.0,-2410.0,-5.48,14,48,62,42422.0,58,42301.0,42543.0,51411.0,41461.0
2026-07-30,TX,202608,40007.0,41266.0,39701.0,40270.0,-58.0,-0.14,68587,103235,171822,40286.0,108640,40264.0,40271.0,49470.0,39442.0
2026-07-30,TX,202609,39712.0,41337.0,39712.0,40416.0,-90.0,-0.22,407,1678,2085,40449.0,5713,40416.0,40428.0,49651.0,24962.0
2026-07-30,TX,202610,40519.0,41502.0,40280.0,40450.0,-220.0,-0.54,42,57,99,40592.0,135,40586.0,40599.0,46770.0,39852.0
2026-07-30,TX,202612,41378.0,41891.0,40912.0,41211.0,173.0,0.42,9,17,26,40919.0,378,40910.0,40928.0,50228.0,27382.0
2026-07-30,TX,202703,41582.0,41582.0,41582.0,41582.0,-101.0,-0.24,3,2,5,41540.0,114,41515.0,41565.0,50802.0,32400.0
2026-07-30,TX,202706,42378.0,42378.0,42211.0,42211.0,-211.0,-0.5,14,2,16,42211.0,61,42189.0,42211.0,51411.0,41461.0
2026-07-31,TX,202608,42331.0,43951.0,42305.0,43678.0,3392.0,8.42,49738,91473,141211,43727.0,111302,43676.0,43688.0,49470.0,39442.0
2026-07-31,TX,202609,42478.0,44091.0,42478.0,43836.0,3387.0,8.37,380,541,921,43888.0,5821,43828.0,43845.0,49651.0,24962.0
2026-07-31,TX,202610,42768.0,44154.0,42722.0,44150.0,3558.0,8.77,45,25,70,44010.0,141,44002.0,44019.0,46770.0,39852.0
2026-07-31,TX,202612,42888.0,44514.0,42888.0,44514.0,3595.0,8.79,13,22,35,44306.0,377,44296.0,44317.0,50228.0,27382.0
2026-07-31,TX,202703,44300.0,44430.0,44300.0,44306.0,2766.0,6.66,6,5,11,44906.0,115,44895.0,44918.0,50802.0,32400.0
2026-07-31,TX,202706,44528.0,45286.0,44528.0,45209.0,2998.0,7.1,10,10,20,45543.0,62,45526.0,45561.0,51411.0,41461.0
2026-08-03,TX,202608,43186.0,43836.0,42989.0,43230.0,-497.0,-1.14,69668,69550,139218,43219.0,109589,43231.0,43247.0,49470.0,39442.0
2026-08-03,TX,202609,43368.0,43966.0,43260.0,43388.0,-500.0,-1.14,376,485,861,43363.0,6108,43373.0,43391.0,49651.0,24962.0
2026-08-03,TX,202610,43394.0,43810.0,43394.0,43580.0,-430.0,-0.98,46,44,90,43580.0,192,43564.0,43585.0,46770.0,39852.0
2026-08-03,TX,202612,44218.0,44218.0,43985.0,44014.0,-292.0,-0.66,18,10,28,43871.0,376,43860.0,43883.0,50228.0,27382.0
2026-08-03,TX,202703,,,,,,,7,0,7,44470.0,115,44456.0,44484.0,50802.0,32400.0
2026-08-03,TX,202706,,,,,,,0,0,0,45093.0,62,45073.0,45113.0,51411.0,41461.0
2026-08-04,TX,202608,42750.0,43790.0,42553.0,43357.0,138.0,0.32,51504,73478,124982,43344.0,106602,43355.0,43359.0,49470.0,39442.0
2026-08-04,TX,202609,43204.0,43903.0,42724.0,43474.0,111.0,0.26,311,713,1024,43474.0,6583,43477.0,43484.0,49651.0,24962.0
2026-08-04,TX,202610,42998.0,44000.0,42948.0,43783.0,203.0,0.47,54,41,95,43673.0,210,43668.0,43678.0,46770.0,39852.0
2026-08-04,TX,202612,43222.0,44188.0,43222.0,44053.0,182.0,0.41,4,38,42,43934.0,379,43926.0,43943.0,50228.0,27382.0
2026-08-04,TX,202703,44290.0,44350.0,44290.0,44350.0,-120.0,-0.27,7,9,16,44487.0,119,44476.0,44498.0,50802.0,32400.0
2026-08-04,TX,202706,44912.0,45400.0,44912.0,45400.0,307.0,0.68,12,12,24,45098.0,67,45082.0,45114.0,51411.0,41461.0
2026-08-05,TX,202608,44653.0,44923.0,44219.0,44514.0,1170.0,2.7,46662,67212,113874,44537.0,106247,44514.0,44530.0,49470.0,39442.0
2026-08-05,TX,202609,44800.0,45011.0,44400.0,44624.0,1150.0,2.65,355,1036,1391,44626.0,7259,44603.0,44626.0,49651.0,24962.0
2026-08-05,TX,202610,44880.0,45190.0,44626.0,44675.0,1002.0,2.29,36,50,86,44783.0,221,44771.0,44796.0,46770.0,39852.0
2026-08-05,TX,202612,45126.0,45458.0,44940.0,44950.0,1016.0,2.31,22,20,42,45049.0,386,45036.0,45062.0,50228.0,27382.0
2026-08-05,TX,202703,45800.0,45860.0,45766.0,45777.0,1290.0,2.9,0,9,9,45587.0,122,45573.0,45601.0,50802.0,32400.0
2026-08-05,TX,202706,46479.0,46612.0,46479.0,46612.0,1514.0,3.36,1,7,8,46220.0,61,46180.0,46261.0,51411.0,41461.0
2026-08-06,TX,202608,44177.0,44494.0,43843.0,44280.0,-257.0,-0.58,44860,55986,100846,44258.0,106827,44272.0,44284.0,49470.0,39442.0
2026-08-06,TX,202609,44427.0,44538.0,43950.0,44300.0,-326.0,-0.73,528,908,1436,44324.0,7988,44316.0,44333.0,49651.0,24962.0
2026-08-06,TX,202610,44502.0,44538.0,44176.0,44382.0,-401.0,-0.9,22,44,66,44440.0,261,44425.0,44455.0,46770.0,39852.0
2026-08-06,TX,202612,44700.0,44778.0,44620.0,44688.0,-361.0,-0.8,4,18,22,44688.0,387,44682.0,44702.0,50228.0,27382.0
2026-08-06,TX,202703,45200.0,45200.0,45172.0,45180.0,-407.0,-0.89,6,3,9,45194.0,121,45125.0,45264.0,50802.0,32400.0
2026-08-06,TX,202706,46220.0,,,46220.0,0.0,0.0,3,1,4,45832.0,63,45788.0,45877.0,51411.0,41461.0
2026-08-07,TX,202608,44588.0,44744.0,43923.0,44349.0,91.0,0.21,48375,56058,104433,44297.0,102679,44347.0,44353.0,49470.0,39442.0
2026-08-07,TX,202609,44597.0,44731.0,44036.0,44438.0,114.0,0.26,393,2392,2785,44419.0,9822,44447.0,44457.0,49651.0,24962.0
2026-08-07,TX,202610,44592.0,44817.0,44133.0,44448.0,8.0,0.02,51,71,122,44525.0,294,44517.0,44534.0,46770.0,39852.0
2026-08-07,TX,202612,44900.0,44900.0,44574.0,44574.0,-114.0,-0.26,5,12,17,44734.0,391,44697.0,44771.0,50228.0,27382.0
2026-08-07,TX,202703,,,,,,,2,0,2,45233.0,121,44848.0,45296.0,50802.0,32400.0
2026-08-07,TX,202706,45602.0,45602.0,45602.0,45602.0,-230.0,-0.5,2,2,4,45666.0,66,45440.0,45893.0,51411.0,41461.0
2026-08-10,TX,202608,44985.0,45219.0,44668.0,44987.0,690.0,1.56,41042,49606,90648,44990.0,101913,44987.0,44998.0,49470.0,39442.0
2026-08-10,TX,202609,45048.0,45320.0,44790.0,45113.0,694.0,1.56,428,3078,3506,45113.0,12158,45103.0,45118.0,49651.0,24962.0
2026-08-10,TX,202610,45138.0,45313.0,44906.0,45210.0,685.0,1.54,10,27,37,45210.0,304,45205.0,45222.0,46770.0,39852.0
2026-08-10,TX,202612,45300.0,45555.0,45100.0,45410.0,676.0,1.51,4,31,35,45410.0,388,45397.0,45415.0,50228.0,27382.0
2026-08-10,TX,202703,46014.0,46014.0,45854.0,45854.0,621.0,1.37,3,4,7,45888.0,124,45877.0,45899.0,50802.0,32400.0
2026-08-10,TX,202706,46672.0,46672.0,46470.0,46470.0,804.0,1.76,4,3,7,46517.0,68,46501.0,46534.0,51411.0,41461.0
2026-08-11,TX,202608,44761.0,45200.0,44570.0,45090.0,100.0,0.22,28989,50327,79316,45085.0,99034,45078.0,45089.0,49470.0,39442.0
2026-08-11,TX,202609,44918.0,45320.0,44725.0,45215.0,102.0,0.23,401,3285,3686,45215.0,14886,45206.0,45222.0,49651.0,24962.0
2026-08-11,TX,202610,45103.0,45348.0,44901.0,45309.0,99.0,0.22,21,44,65,45324.0,314,45316.0,45333.0,46770.0,39852.0
2026-08-11,TX,202612,45313.0,45610.0,45087.0,45518.0,108.0,0.24,11,29,40,45518.0,385,45521.0,45539.0,50228.0,27382.0
2026-08-11,TX,202703,45798.0,46055.0,45798.0,46024.0,136.0,0.3,4,6,10,46024.0,124,46013.0,46034.0,50802.0,32400.0
2026-08-11,TX,202706,,,,,,,0,0,0,46627.0,68,46611.0,46644.0,51411.0,41461.0
2026-08-12,TX,202608,45350.0,45561.0,45156.0,45528.0,443.0,0.98,36518,48409,84927,45516.0,95311,45519.0,45527.0,49470.0,39442.0
2026-08-12,TX,202609,45460.0,45702.0,45300.0,45673.0,458.0,1.01,800,4721,5521,45673.0,18300,45668.0,45678.0,49651.0,24962.0
2026-08-12,TX,202610,45583.0,45802.0,45467.0,45669.0,345.0,0.76,33,31,64,45786.0,325,45780.0,45792.0,46770.0,39852.0
2026-08-12,TX,202612,45800.0,45948.0,45650.0,45888.0,370.0,0.81,8,14,22,45985.0,387,45975.0,45996.0,50228.0,27382.0
2026-08-12,TX,202703,46287.0,46485.0,46240.0,46348.0,324.0,0.7,10,6,16,46480.0,125,46468.0,46493.0,50802.0,32400.0
2026-08-12,TX,202706,,,,,,,3,0,3,47070.0,67,47049.0,47091.0,51411.0,41461.0
2026-08-13,TX,202608,46120.0,46250.0,45840.0,46005.0,489.0,1.07,35208,43260,78468,46025.0,92571,46005.0,46009.0,49470.0,39442.0
2026-08-13,TX,202609,46293.0,46388.0,46000.0,46174.0,501.0,1.1,1191,5360,6551,46191.0,21837,46165.0,46171.0,49651.0,24962.0
2026-08-13,TX,202610,46481.0,46481.0,46290.0,46290.0,504.0,1.1,15,30,45,46290.0,329,46279.0,46292.0,46770.0,39852.0
2026-08-13,TX,202612,46580.0,46635.0,46390.0,46531.0,546.0,1.19,9,29,38,46531.0,386,46481.0,46498.0,50228.0,27382.0
2026-08-13,TX,202703,,,,,,,9,0,9,46997.0,128,46990.0,47004.0,50802.0,32400.0
2026-08-13,TX,202706,47736.0,47736.0,47683.0,47683.0,613.0,1.3,3,2,5,47587.0,66,47576.0,47599.0,51411.0,41461.0
2026-08-14,TX,202608,46466.0,46470.0,45676.0,45841.0,-184.0,-0.4,27782,57509,85291,45812.0,84339,45839.0,45846.0,49470.0,39442.0
2026-08-14,TX,202609,46641.0,46641.0,45827.0,45972.0,-219.0,-0.47,1360,11386,12746,45949.0,29534,45977.0,45990.0,49651.0,24962.0
2026-08-14,TX,202610,46645.0,46645.0,46106.0,46115.0,-175.0,-0.38,18,24,42,46115.0,327,46103.0,46127.0,46789.0,39852.0
2026-08-14,TX,202612,46870.0,46870.0,46400.0,46408.0,-123.0,-0.26,11,16,27,46323.0,380,46305.0,46342.0,50228.0,27382.0
2026-08-14,TX,202703,47010.0,47010.0,47010.0,47010.0,13.0,0.03,5,1,6,46844.0,128,46820.0,46869.0,50802.0,32400.0
2026-08-14,TX,202706,47927.0,47927.0,47927.0,47927.0,340.0,0.71,0,1,1,47445.0,67,47410.0,47480.0,51411.0,41461.0
2026-08-17,TX,202608,45850.0,46140.0,45738.0,45888.0,76.0,0.17,24791,79450,104241,45867.0,51167,45886.0,45894.0,49470.0,39442.0
2026-08-17,TX,202609,46000.0,46318.0,45870.0,46033.0,84.0,0.18,1102,46829,47931,46009.0,62249,46018.0,46032.0,49651.0,24962.0
2026-08-17,TX,202610,46328.0,46420.0,45987.0,46201.0,86.0,0.19,3,93,96,46162.0,359,46150.0,46174.0,46789.0,39852.0
2026-08-17,TX,202612,46507.0,46507.0,46454.0,46454.0,131.0,0.28,2,2,4,46381.0,382,46341.0,46422.0,50228.0,27382.0
2026-08-17,TX,202703,47053.0,47053.0,46941.0,46941.0,97.0,0.21,1,2,3,46846.0,130,46829.0,46863.0,50802.0,32400.0
2026-08-17,TX,202706,47700.0,47700.0,47700.0,47700.0,255.0,0.54,0,1,1,47436.0,68,47416.0,47456.0,51411.0,41461.0
2026-08-18,TX,202608,45967.0,45977.0,45070.0,45085.0,-782.0,-1.7,25712,83392,109104,45088.0,20738,45081.0,45085.0,49470.0,39442.0
2026-08-18,TX,202609,46097.0,46113.0,45159.0,45166.0,-843.0,-1.83,4162,49922,54084,45173.0,94543,45167.0,45173.0,49651.0,24962.0
2026-08-18,TX,202610,46201.0,46201.0,45387.0,45387.0,-775.0,-1.68,41,51,92,45332.0,371,45327.0,45338.0,46789.0,39852.0
2026-08-18,TX,202612,46374.0,46374.0,45580.0,45580.0,-801.0,-1.73,6,11,17,45580.0,381,45521.0,45599.0,50228.0,27382.0
2026-08-18,TX,202703,46893.0,46893.0,46360.0,46360.0,-486.0,-1.04,3,4,7,46065.0,130,46055.0,46075.0,50802.0,32400.0
2026-08-18,TX,202706,47436.0,,,47436.0,0.0,0.0,0,1,1,46608.0,68,46601.0,46616.0,51411.0,41461.0
2026-08-19,TX,202608,44411.0,44869.0,44208.0,44612.0,-476.0,-1.06,28126,27795,55921,,11402,44612.0,44613.0,49470.0,39442.0
2026-08-19,TX,202609,44330.0,44876.0,44300.0,44528.0,-645.0,-1.43,6479,42374,48853,44500.0,100399,44525.0,44530.0,49651.0,24962.0
2026-08-19,TX,202610,44472.0,45000.0,44472.0,44665.0,-667.0,-1.47,26,59,85,44665.0,387,44666.0,44679.0,46789.0,39852.0
2026-08-19,TX,202612,45086.0,45200.0,44856.0,44856.0,-724.0,-1.59,12,11,23,44856.0,384,44856.0,44884.0,50228.0,27382.0
2026-08-19,TX,202703,45401.0,45700.0,45350.0,45350.0,-715.0,-1.55,4,8,12,45350.0,131,45350.0,45369.0,50802.0,32400.0
2026-08-19,TX,202706,,,,,,,0,0,0,45908.0,68,45891.0,45926.0,51411.0,41461.0
2026-08-20,TX,202609,44950.0,45122.0,44448.0,44868.0,368.0,0.83,41519,53693,95212,44903.0,102620,44866.0,44872.0,49651.0,24962.0
2026-08-20,TX,202610,45116.0,45158.0,44651.0,45029.0,364.0,0.81,195,122,317,45045.0,476,45011.0,45024.0,46789.0,39852.0
2026-08-20,TX,202611,45110.0,45180.0,44800.0,45150.0,371.0,0.83,0,11,11,45150.0,4,45139.0,45152.0,45180.0,44800.0
2026-08-20,TX,202612,45349.0,45458.0,44850.0,45093.0,237.0,0.53,8,13,21,45235.0,382,45229.0,45242.0,50228.0,27382.0
2026-08-20,TX,202703,45800.0,45838.0,45442.0,45442.0,92.0,0.2,9,6,15,45664.0,126,45657.0,45672.0,50802.0,32400.0
2026-08-20,TX,202706,46336.0,46336.0,46000.0,46000.0,92.0,0.2,3,3,6,46231.0,71,46221.0,46241.0,51411.0,41461.0
2026-08-21,TX,202609,44887.0,45294.0,44566.0,45148.0,245.0,0.55,41595,51446,93041,45138.0,102342,45136.0,45149.0,49651.0,24962.0
2026-08-21,TX,202610,45045.0,45423.0,44777.0,45280.0,235.0,0.52,215,123,338,45280.0,500,45279.0,45295.0,46789.0,39852.0
2026-08-21,TX,202611,45115.0,45510.0,44915.0,45400.0,250.0,0.55,38,30,68,45400.0,25,45395.0,45413.0,45510.0,44800.0
2026-08-21,TX,202612,45500.0,45580.0,45305.0,45305.0,70.0,0.15,4,5,9,45508.0,379,45501.0,45515.0,50228.0,27382.0
2026-08-21,TX,202703,45664.0,,,45664.0,0.0,0.0,1,2,3,45920.0,126,45909.0,45932.0,50802.0,32400.0
2026-08-21,TX,202706,46373.0,46587.0,46314.0,46368.0,137.0,0.3,2,5,7,46481.0,73,46464.0,46499.0,51411.0,41461.0
