日期,股票代號,持股/單位數分級,序,人數,股數/單位數,占集保庫存數比例(%)
2026-06-05,2330,"1,000,001以上",15,1499.0,22151774520,85.42
2026-06-05,2330,"1,000-5,000",2,421284.0,804949222,3.1
2026-06-05,2330,1-999,1,2160807.0,254859798,0.98
2026-06-05,2330,"10,001-15,000",4,16495.0,202611638,0.78
2026-06-05,2330,"100,001-200,000",10,2000.0,280035638,1.07
2026-06-05,2330,"15,001-20,000",5,7708.0,135675555,0.52
2026-06-05,2330,"20,001-30,000",6,7442.0,182365298,0.7
2026-06-05,2330,"200,001-400,000",11,1321.0,369636004,1.42
2026-06-05,2330,"30,001-40,000",7,3509.0,121627861,0.46
2026-06-05,2330,"40,001-50,000",8,2018.0,91019221,0.35
2026-06-05,2330,"400,001-600,000",12,563.0,276059662,1.06
2026-06-05,2330,"5,001-10,000",3,49448.0,354829988,1.36
2026-06-05,2330,"50,001-100,000",9,3997.0,279407327,1.07
2026-06-05,2330,"600,001-800,000",13,348.0,240919588,0.92
2026-06-05,2330,"800,001-1,000,000",14,209.0,186766182,0.72
2026-06-05,2330,合　計,17,2678648.0,25932524521,100.0
2026-06-05,2330,差異數調整（說明4）,16,,-12981,-0.0
2026-06-12,2330,"1,000,001以上",15,1482.0,22091652463,85.18
2026-06-12,2330,"1,000-5,000",2,434344.0,828890964,3.19
2026-06-12,2330,1-999,1,2314613.0,268316829,1.03
2026-06-12,2330,"10,001-15,000",4,16669.0,204608537,0.78
2026-06-12,2330,"100,001-200,000",10,1995.0,279252316,1.07
2026-06-12,2330,"15,001-20,000",5,7840.0,137971294,0.53
2026-06-12,2330,"20,001-30,000",6,7544.0,184834385,0.71
2026-06-12,2330,"200,001-400,000",11,1325.0,370746173,1.42
2026-06-12,2330,"30,001-40,000",7,3550.0,123080202,0.47
2026-06-12,2330,"40,001-50,000",8,2027.0,91419401,0.35
2026-06-12,2330,"400,001-600,000",12,554.0,270535362,1.04
2026-06-12,2330,"5,001-10,000",3,50588.0,362776584,1.39
2026-06-12,2330,"50,001-100,000",9,4028.0,281832960,1.08
2026-06-12,2330,"600,001-800,000",13,344.0,237383143,0.91
2026-06-12,2330,"800,001-1,000,000",14,223.0,199071454,0.76
2026-06-12,2330,合　計,17,2847126.0,25932370067,100.0
2026-06-12,2330,差異數調整（說明4）,16,,-2000,-0.0
2026-06-18,2330,"1,000,001以上",15,1484.0,22100113305,85.22
2026-06-18,2330,"1,000-5,000",2,431365.0,823536228,3.17
2026-06-18,2330,1-999,1,2306149.0,267183521,1.03
2026-06-18,2330,"10,001-15,000",4,16627.0,204063151,0.78
2026-06-18,2330,"100,001-200,000",10,1998.0,279647764,1.07
2026-06-18,2330,"15,001-20,000",5,7823.0,137653077,0.53
2026-06-18,2330,"20,001-30,000",6,7523.0,184336978,0.71
2026-06-18,2330,"200,001-400,000",11,1334.0,374361057,1.44
2026-06-18,2330,"30,001-40,000",7,3547.0,122993695,0.47
2026-06-18,2330,"40,001-50,000",8,2035.0,91839820,0.35
2026-06-18,2330,"400,001-600,000",12,548.0,268864579,1.03
2026-06-18,2330,"5,001-10,000",3,50376.0,361320665,1.39
2026-06-18,2330,"50,001-100,000",9,4018.0,281135311,1.08
2026-06-18,2330,"600,001-800,000",13,342.0,236381592,0.91
2026-06-18,2330,"800,001-1,000,000",14,223.0,198941324,0.76
2026-06-18,2330,合　計,17,2835392.0,25932370067,100.0
2026-06-18,2330,差異數調整（說明4）,16,,-2000,-0.0
2026-06-26,2330,"1,000,001以上",15,1482.0,22072875533,85.11
2026-06-26,2330,"1,000-5,000",2,436608.0,832879585,3.21
2026-06-26,2330,1-999,1,2344648.0,270636726,1.04
2026-06-26,2330,"10,001-15,000",4,16824.0,206436112,0.79
2026-06-26,2330,"100,001-200,000",10,2008.0,281471591,1.08
2026-06-26,2330,"15,001-20,000",5,7898.0,138937505,0.53
2026-06-26,2330,"20,001-30,000",6,7606.0,186372616,0.71
2026-06-26,2330,"200,001-400,000",11,1327.0,372898750,1.43
2026-06-26,2330,"30,001-40,000",7,3561.0,123533016,0.47
2026-06-26,2330,"40,001-50,000",8,2031.0,91648916,0.35
2026-06-26,2330,"400,001-600,000",12,552.0,270219173,1.04
2026-06-26,2330,"5,001-10,000",3,50777.0,364018815,1.4
2026-06-26,2330,"50,001-100,000",9,4047.0,282842631,1.09
2026-06-26,2330,"600,001-800,000",13,355.0,246477946,0.95
2026-06-26,2330,"800,001-1,000,000",14,214.0,191121152,0.73
2026-06-26,2330,合　計,16,2879938.0,25932370067,100.0
2026-07-03,2330,"1,000,001以上",15,1481.0,22066084295,85.09
2026-07-03,2330,"1,000-5,000",2,436574.0,833238261,3.21
2026-07-03,2330,1-999,1,2362549.0,272902764,1.05
2026-07-03,2330,"10,001-15,000",4,16865.0,206829759,0.79
2026-07-03,2330,"100,001-200,000",10,2002.0,280015253,1.07
2026-07-03,2330,"15,001-20,000",5,7936.0,139632022,0.53
2026-07-03,2330,"20,001-30,000",6,7610.0,186506600,0.71
2026-07-03,2330,"200,001-400,000",11,1339.0,374856457,1.44
2026-07-03,2330,"30,001-40,000",7,3558.0,123356073,0.47
2026-07-03,2330,"40,001-50,000",8,2025.0,91250983,0.35
2026-07-03,2330,"400,001-600,000",12,559.0,273767907,1.05
2026-07-03,2330,"5,001-10,000",3,50892.0,364809784,1.4
2026-07-03,2330,"50,001-100,000",9,4064.0,283969616,1.09
2026-07-03,2330,"600,001-800,000",13,353.0,245340939,0.94
2026-07-03,2330,"800,001-1,000,000",14,213.0,189809354,0.73
2026-07-03,2330,合　計,16,2898020.0,25932370067,100.0
2026-07-09,2330,"1,000,001以上",15,1478.0,22047558486,85.01
2026-07-09,2330,"1,000-5,000",2,438862.0,837595565,3.22
2026-07-09,2330,1-999,1,2374325.0,274129930,1.05
2026-07-09,2330,"10,001-15,000",4,16942.0,207754181,0.8
2026-07-09,2330,"100,001-200,000",10,2019.0,282421517,1.08
2026-07-09,2330,"15,001-20,000",5,7970.0,140254310,0.54
2026-07-09,2330,"20,001-30,000",6,7636.0,187068531,0.72
2026-07-09,2330,"200,001-400,000",11,1340.0,374946281,1.44
2026-07-09,2330,"30,001-40,000",7,3578.0,124047689,0.47
2026-07-09,2330,"40,001-50,000",8,2025.0,91243367,0.35
2026-07-09,2330,"400,001-600,000",12,566.0,277085423,1.06
2026-07-09,2330,"5,001-10,000",3,51151.0,366679448,1.41
2026-07-09,2330,"50,001-100,000",9,4070.0,284390420,1.09
2026-07-09,2330,"600,001-800,000",13,347.0,240775918,0.92
2026-07-09,2330,"800,001-1,000,000",14,220.0,196419001,0.75
2026-07-09,2330,合　計,16,2912529.0,25932370067,100.0
2026-07-17,2330,"1,000,001以上",15,1477.0,22019234369,84.91
2026-07-17,2330,"1,000-5,000",2,443727.0,846514599,3.26
2026-07-17,2330,1-999,1,2398119.0,277360320,1.06
2026-07-17,2330,"10,001-15,000",4,17100.0,209695818,0.8
2026-07-17,2330,"100,001-200,000",10,2026.0,283295204,1.09
2026-07-17,2330,"15,001-20,000",5,8041.0,141490518,0.54
2026-07-17,2330,"20,001-30,000",6,7678.0,188065438,0.72
2026-07-17,2330,"200,001-400,000",11,1345.0,377776220,1.45
2026-07-17,2330,"30,001-40,000",7,3613.0,125311960,0.48
2026-07-17,2330,"40,001-50,000",8,2030.0,91485968,0.35
2026-07-17,2330,"400,001-600,000",12,567.0,277573821,1.07
2026-07-17,2330,"5,001-10,000",3,51603.0,369653849,1.42
2026-07-17,2330,"50,001-100,000",9,4084.0,285367836,1.1
2026-07-17,2330,"600,001-800,000",13,351.0,244033255,0.94
2026-07-17,2330,"800,001-1,000,000",14,219.0,195510892,0.75
2026-07-17,2330,合　計,16,2941980.0,25932370067,100.0
2026-07-24,2330,"1,000,001以上",15,1472.0,21966501280,84.7
2026-07-24,2330,"1,000-5,000",2,453070.0,865288008,3.33
2026-07-24,2330,1-999,1,2486327.0,288004489,1.11
2026-07-24,2330,"10,001-15,000",4,17415.0,213482664,0.82
2026-07-24,2330,"100,001-200,000",10,2045.0,286072376,1.1
2026-07-24,2330,"15,001-20,000",5,8101.0,142437162,0.54
2026-07-24,2330,"20,001-30,000",6,7782.0,190439872,0.73
2026-07-24,2330,"200,001-400,000",11,1333.0,373375826,1.43
2026-07-24,2330,"30,001-40,000",7,3650.0,126536179,0.48
2026-07-24,2330,"40,001-50,000",8,2054.0,92633873,0.35
2026-07-24,2330,"400,001-600,000",12,576.0,282780937,1.09
2026-07-24,2330,"5,001-10,000",3,52616.0,376598131,1.45
2026-07-24,2330,"50,001-100,000",9,4108.0,286789254,1.1
2026-07-24,2330,"600,001-800,000",13,345.0,240003001,0.92
2026-07-24,2330,"800,001-1,000,000",14,225.0,201427015,0.77
2026-07-24,2330,合　計,16,3041119.0,25932370067,100.0
2026-07-31,2330,"1,000,001以上",15,1475.0,21945666949,84.62
2026-07-31,2330,"1,000-5,000",2,457999.0,875655638,3.37
2026-07-31,2330,1-999,1,2539702.0,296133619,1.14
2026-07-31,2330,"10,001-15,000",4,17525.0,214839474,0.82
2026-07-31,2330,"100,001-200,000",10,2047.0,286495059,1.1
2026-07-31,2330,"15,001-20,000",5,8129.0,142882134,0.55
2026-07-31,2330,"20,001-30,000",6,7825.0,191329159,0.73
2026-07-31,2330,"200,001-400,000",11,1319.0,369925961,1.42
2026-07-31,2330,"30,001-40,000",7,3671.0,127306609,0.49
2026-07-31,2330,"40,001-50,000",8,2056.0,92660455,0.35
2026-07-31,2330,"400,001-600,000",12,582.0,285569046,1.1
2026-07-31,2330,"5,001-10,000",3,53307.0,381226919,1.47
2026-07-31,2330,"50,001-100,000",9,4114.0,287165889,1.1
2026-07-31,2330,"600,001-800,000",13,349.0,243484284,0.93
2026-07-31,2330,"800,001-1,000,000",14,215.0,192086747,0.74
2026-07-31,2330,合　計,17,3100315.0,25932370067,100.0
2026-07-31,2330,差異數調整（說明4）,16,,-57875,-0.0
2026-08-07,2330,"1,000,001以上",15,1475.0,21958321050,84.67
2026-08-07,2330,"1,000-5,000",2,454920.0,869533934,3.35
2026-08-07,2330,1-999,1,2523071.0,293744991,1.13
2026-08-07,2330,"10,001-15,000",4,17491.0,214496406,0.82
2026-08-07,2330,"100,001-200,000",10,2053.0,288258115,1.11
2026-08-07,2330,"15,001-20,000",5,8096.0,142302572,0.54
2026-08-07,2330,"20,001-30,000",6,7803.0,190826713,0.73
2026-08-07,2330,"200,001-400,000",11,1314.0,368794003,1.42
2026-08-07,2330,"30,001-40,000",7,3686.0,127930452,0.49
2026-08-07,2330,"40,001-50,000",8,2048.0,92338466,0.35
2026-08-07,2330,"400,001-600,000",12,584.0,285446281,1.1
2026-08-07,2330,"5,001-10,000",3,53011.0,379122752,1.46
2026-08-07,2330,"50,001-100,000",9,4123.0,288118496,1.11
2026-08-07,2330,"600,001-800,000",13,353.0,246354564,0.94
2026-08-07,2330,"800,001-1,000,000",14,208.0,186782272,0.72
2026-08-07,2330,合　計,17,3080236.0,25932370067,100.0
2026-08-07,2330,差異數調整（說明4）,16,,-1000,-0.0
2026-08-14,2330,"1,000,001以上",15,1480.0,21975471129,84.74
2026-08-14,2330,"1,000-5,000",2,451715.0,863514796,3.32
2026-08-14,2330,1-999,1,2502089.0,291661236,1.12
2026-08-14,2330,"10,001-15,000",4,17449.0,213986890,0.82
2026-08-14,2330,"100,001-200,000",10,2054.0,288046602,1.11
2026-08-14,2330,"15,001-20,000",5,8052.0,141549000,0.54
2026-08-14,2330,"20,001-30,000",6,7799.0,190703374,0.73
2026-08-14,2330,"200,001-400,000",11,1311.0,367146886,1.41
2026-08-14,2330,"30,001-40,000",7,3681.0,127835297,0.49
2026-08-14,2330,"40,001-50,000",8,2029.0,91467694,0.35
2026-08-14,2330,"400,001-600,000",12,589.0,287620423,1.1
2026-08-14,2330,"5,001-10,000",3,52706.0,376989407,1.45
2026-08-14,2330,"50,001-100,000",9,4115.0,287380234,1.1
2026-08-14,2330,"600,001-800,000",13,350.0,244716809,0.94
2026-08-14,2330,"800,001-1,000,000",14,205.0,184292290,0.71
2026-08-14,2330,合　計,17,3055624.0,25932370067,100.0
2026-08-14,2330,差異數調整（說明4）,16,,-12000,-0.0
2026-08-21,2330,"1,000,001以上",15,1479.0,21968307511,84.71
2026-08-21,2330,"1,000-5,000",2,453418.0,866788450,3.34
2026-08-21,2330,1-999,1,2511714.0,292743125,1.12
2026-08-21,2330,"10,001-15,000",4,17495.0,214504051,0.82
2026-08-21,2330,"100,001-200,000",10,2055.0,288223875,1.11
2026-08-21,2330,"15,001-20,000",5,8075.0,141932379,0.54
2026-08-21,2330,"20,001-30,000",6,7815.0,191130920,0.73
2026-08-21,2330,"200,001-400,000",11,1304.0,364602683,1.4
2026-08-21,2330,"30,001-40,000",7,3671.0,127482886,0.49
2026-08-21,2330,"40,001-50,000",8,2044.0,92166406,0.35
2026-08-21,2330,"400,001-600,000",12,589.0,287574386,1.1
2026-08-21,2330,"5,001-10,000",3,52868.0,378087781,1.45
2026-08-21,2330,"50,001-100,000",9,4097.0,286196530,1.1
2026-08-21,2330,"600,001-800,000",13,346.0,241629397,0.93
2026-08-21,2330,"800,001-1,000,000",14,213.0,190999787,0.73
2026-08-21,2330,合　計,17,3067183.0,25932370067,100.0
2026-08-21,2330,差異數調整（說明4）,16,,-100,-0.0
